{
  "markerPos": {
    "x": -0.7616498,
    "y": -0.126870871,
    "z": -0.188039839
  },
  "markerScale": {
    "x": 1.0,
    "y": 1.0,
    "z": 1.0
  },
  "markerEulerAngle": {
    "x": 20.3999367,
    "y": 0.0212718267,
    "z": 1.00541234
  }
}