{
  "markerPos": {
    "x": 0.08080904,
    "y": -0.16956079,
    "z": -0.0214578137
  },
  "markerScale": {
    "x": 1.0,
    "y": 1.0,
    "z": 1.0
  },
  "markerEulerAngle": {
    "x": 38.43323,
    "y": 0.4609294,
    "z": 1.920824
  }
}