{
  "markerPos": {
    "x": 0.02363544,
    "y": -0.11076773,
    "z": -0.111091241
  },
  "markerScale": {
    "x": 1.0,
    "y": 1.0,
    "z": 1.0
  },
  "markerEulerAngle": {
    "x": 38.3974953,
    "y": 1.60868287,
    "z": 2.634005
  }
}