{
  "markerPos": {
    "x": 0.434288472,
    "y": 1.25515127,
    "z": 0.633501232
  },
  "markerScale": {
    "x": 1.0,
    "y": 1.0,
    "z": 1.0
  },
  "markerEulerAngle": {
    "x": 299.338318,
    "y": 270.3114,
    "z": 81.0985947
  }
}