{
  "markerPos": {
    "x": 0.540507436,
    "y": -0.196604058,
    "z": 0.6238115
  },
  "markerScale": {
    "x": 1.0,
    "y": 1.0,
    "z": 1.0
  },
  "markerEulerAngle": {
    "x": 11.2676678,
    "y": 357.707855,
    "z": 1.29324043
  }
}