{
  "markerPos": {
    "x": 0.04249037,
    "y": -0.0540685952,
    "z": 0.0215764083
  },
  "markerScale": {
    "x": 1.0,
    "y": 1.0,
    "z": 1.0
  },
  "markerEulerAngle": {
    "x": 17.65794,
    "y": 359.304169,
    "z": 1.87500715
  }
}