{
  "markerPos": {
    "x": 0.671295047,
    "y": 0.589484036,
    "z": 0.302173734
  },
  "markerScale": {
    "x": 1.0,
    "y": 1.0,
    "z": 1.0
  },
  "markerEulerAngle": {
    "x": 279.167725,
    "y": 73.89085,
    "z": 280.216431
  }
}