{
  "markerPos": {
    "x": 0.142801374,
    "y": 0.0050037764,
    "z": 0.08143383
  },
  "markerScale": {
    "x": 1.0,
    "y": 1.0,
    "z": 1.0
  },
  "markerEulerAngle": {
    "x": 33.87037,
    "y": 317.689575,
    "z": 357.444946
  }
}