{
  "markerPos": {
    "x": -0.5086259,
    "y": -0.304885954,
    "z": -0.121813625
  },
  "markerScale": {
    "x": 1.0,
    "y": 1.0,
    "z": 1.0
  },
  "markerEulerAngle": {
    "x": 32.8696556,
    "y": 355.981873,
    "z": 0.509539962
  }
}