{
  "markerPos": {
    "x": 0.0441125631,
    "y": -0.08887139,
    "z": -0.106751509
  },
  "markerScale": {
    "x": 1.0,
    "y": 1.0,
    "z": 1.0
  },
  "markerEulerAngle": {
    "x": 34.279892,
    "y": 356.1869,
    "z": 356.2758
  }
}