{
  "markerPos": {
    "x": 0.0435731225,
    "y": -0.113750607,
    "z": -0.150947869
  },
  "markerScale": {
    "x": 1.0,
    "y": 1.0,
    "z": 1.0
  },
  "markerEulerAngle": {
    "x": 39.69312,
    "y": 357.7158,
    "z": 356.411926
  }
}