{
  "markerPos": {
    "x": 0.4,
    "y": 0.3,
    "z": -0.1
  },
  "markerScale": {
    "x": 1.0,
    "y": 1.0,
    "z": 1.0
  },
  "markerEulerAngle": {
    "x": 14.8935108,
    "y": 56.2904625,
    "z": 330.0384
  }
}